Datum,"Gewicht",BMI,"Body Fat (%)","Visc Fat","Muscle Mass (kg)","Muscle Quality","Bone Mass (kg)","BMR (kcal)","Metab Age","Body Water (%)","Physique Rating","Muscle mass - right arm","Muscle mass - left arm","Muscle mass - right leg","Muscle mass - left leg","Muscle mass - trunk","Muscle quality - right arm","Muscle quality - left arm","Muscle quality - right leg","Muscle quality - left leg","Muscle quality - trunk","Body fat (%) - right arm","Body fat (%) - left arm","Body fat (%) - right leg","Body fat (%) - left leg","Body fat (%) - trunk","Heart rate"
"2026-01-11 18:56:00",95.80,30.20,29.60,15.00,64.10,42.00,3.30,1985.00,71.00,54.20,2.00,4.15,4.05,11.50,11.55,32.85,49.00,42.00,35.00,47.00,-,19.40,23.10,21.70,20.00,36.20,75.00
"2026-01-12 07:27:11",96.65,30.50,29.40,15.50,64.85,43.00,3.40,2009.00,70.00,53.50,2.00,4.15,4.15,11.30,11.30,33.95,43.00,34.00,44.00,46.00,-,20.30,22.10,24.30,23.10,34.40,-
"2026-01-13 06:49:26",95.85,30.20,27.70,14.50,65.90,48.00,3.40,2034.00,63.00,53.20,2.00,4.15,4.00,11.75,11.45,34.55,50.00,40.00,40.00,57.00,-,19.90,23.80,20.80,21.30,32.70,-
"2026-01-14 06:10:19",95.85,30.20,27.10,14.00,66.40,53.00,3.50,2048.00,61.00,52.80,2.00,4.10,4.00,11.90,11.15,35.25,47.00,39.00,53.00,59.00,-,20.40,24.50,18.90,24.30,31.20,-
"2026-01-15 06:06:19",96.60,30.50,27.60,14.50,66.50,51.00,3.50,2054.00,62.00,52.70,2.00,4.10,4.05,11.55,11.45,35.35,48.00,37.00,49.00,59.00,-,20.90,23.40,22.60,21.70,31.80,-
"2026-01-16 06:57:35",96.70,30.50,27.40,14.50,66.70,52.00,3.50,2060.00,62.00,52.60,2.00,4.05,4.05,11.40,11.50,35.70,49.00,37.00,51.00,60.00,-,21.40,24.30,23.60,21.80,31.10,-
"2026-01-17 08:48:34",97.40,30.70,27.30,14.50,67.35,52.00,3.50,2080.00,61.00,53.00,2.00,4.15,4.10,11.70,11.60,35.80,48.00,38.00,49.00,60.00,-,21.20,24.10,22.10,21.30,31.40,-
"2026-01-18 09:12:17",97.60,30.80,26.90,14.50,67.80,53.00,3.50,2093.00,60.00,53.10,2.00,4.20,4.25,11.55,11.40,36.40,48.00,36.00,51.00,62.00,-,19.50,21.30,23.40,23.40,30.20,-
"2026-01-19 06:02:39",97.30,30.70,27.10,14.50,67.40,54.00,3.50,2081.00,61.00,52.20,2.00,4.10,4.05,11.65,11.50,36.10,47.00,36.00,55.00,62.00,-,22.10,24.10,22.60,22.40,30.70,-
"2026-01-20 06:02:08",96.80,30.50,28.40,15.00,65.90,55.00,3.40,2038.00,66.00,52.00,2.00,4.05,4.00,11.40,11.40,35.05,47.00,37.00,55.00,63.00,-,21.80,25.30,23.90,23.10,32.20,-
"2026-01-21 06:52:29",96.55,30.50,28.00,14.50,66.05,54.00,3.40,2041.00,64.00,52.30,2.00,4.15,4.05,11.45,11.35,35.05,49.00,38.00,54.00,63.00,-,20.20,24.20,23.60,23.30,31.90,-
"2026-01-22 06:00:19",96.45,30.40,28.40,15.00,65.60,54.00,3.40,2029.00,66.00,52.20,2.00,4.00,4.00,11.35,11.40,34.85,48.00,38.00,53.00,62.00,-,22.50,25.10,23.80,22.70,32.40,-
"2026-01-23 06:55:04",96.45,30.40,27.40,14.50,66.60,54.00,3.50,2056.00,62.00,52.30,2.00,4.05,4.00,11.45,11.50,35.60,48.00,39.00,54.00,63.00,-,22.00,24.80,23.50,21.50,31.00,-
"2026-01-24 09:39:39",95.75,30.20,27.50,14.50,65.95,54.00,3.40,2036.00,62.00,53.20,2.00,4.15,4.00,11.35,11.35,35.10,48.00,38.00,55.00,62.00,-,19.20,23.90,23.10,22.00,31.60,-
"2026-01-25 10:30:52",96.05,30.30,28.20,14.50,65.55,55.00,3.40,2025.00,65.00,52.00,2.00,4.00,4.00,11.20,11.20,35.15,48.00,40.00,55.00,62.00,-,22.10,24.10,25.00,23.90,31.40,-
"2026-01-26 05:56:07",96.10,30.30,28.80,15.00,65.05,54.00,3.40,2012.00,67.00,51.90,2.00,4.00,4.00,11.20,11.15,34.70,49.00,39.00,55.00,60.00,-,22.20,24.40,25.10,24.30,32.30,-
"2026-01-27 06:09:07",96.80,30.60,29.60,15.50,64.75,52.00,3.40,2007.00,71.00,52.70,2.00,4.00,4.05,11.45,11.40,33.85,47.00,36.00,54.00,56.00,-,23.20,24.00,23.10,22.10,34.80,-
"2026-01-28 06:05:06",96.60,30.50,30.10,15.50,64.15,53.00,3.30,1990.00,72.00,51.60,2.00,3.95,3.85,11.50,11.20,33.65,47.00,37.00,59.00,55.00,-,23.30,27.00,22.70,24.20,34.90,-
"2026-01-29 06:02:34",96.55,30.50,29.30,15.00,64.90,52.00,3.40,2009.00,69.00,51.90,2.00,3.95,3.90,11.40,11.30,34.35,47.00,37.00,57.00,55.00,-,23.10,26.20,23.50,23.10,33.70,-
"2026-01-30 06:52:23",95.95,30.30,28.20,14.50,65.50,53.00,3.40,2023.00,65.00,51.90,2.00,4.00,3.90,11.25,11.35,35.00,47.00,37.00,57.00,55.00,-,22.10,25.70,24.70,22.70,31.70,-
"2026-01-31 09:18:24",95.50,30.10,28.00,14.50,65.35,53.00,3.40,2018.00,64.00,52.00,2.00,4.05,3.95,11.10,11.15,35.10,48.00,36.00,58.00,56.00,-,20.60,24.70,25.40,24.10,31.00,-
"2026-02-01 08:11:43",95.65,30.20,28.70,15.00,64.85,53.00,3.40,2005.00,67.00,51.90,2.00,4.05,3.90,11.20,11.10,34.60,47.00,36.00,59.00,54.00,-,21.30,25.30,24.40,24.20,32.40,-
"2026-02-02 06:07:05",97.00,30.60,28.60,15.00,65.80,52.00,3.40,2035.00,67.00,52.50,2.00,4.10,4.05,11.45,11.20,35.00,47.00,34.00,59.00,54.00,-,20.90,23.80,23.60,24.30,32.70,-
"2026-02-03 06:06:58",97.25,30.70,27.80,14.50,66.75,53.00,3.50,2063.00,63.00,53.30,2.00,4.15,4.15,11.55,11.60,35.30,47.00,36.00,58.00,56.00,-,20.00,22.70,22.90,21.10,32.40,-
"2026-02-04 07:00:51",97.15,30.70,28.70,15.00,65.85,52.00,3.40,2038.00,67.00,52.50,2.00,4.05,3.95,11.65,11.50,34.70,47.00,35.00,56.00,56.00,-,22.20,25.90,21.80,21.50,33.70,-
"2026-02-05 05:59:33",96.65,30.50,28.40,15.00,65.80,54.00,3.40,2035.00,66.00,51.80,2.00,4.00,3.90,11.50,11.45,34.95,47.00,36.00,58.00,59.00,-,22.50,26.90,22.80,22.10,32.50,-
"2026-02-06 06:50:01",96.25,30.40,29.30,15.00,64.65,53.00,3.40,2002.00,70.00,52.70,2.00,3.95,4.00,11.70,11.50,33.50,46.00,36.00,59.00,55.00,-,23.70,24.70,20.70,20.40,35.30,-
"2026-02-07 07:47:49",96.65,30.50,29.20,15.00,65.10,53.00,3.40,2015.00,69.00,52.50,2.00,4.05,4.05,11.65,11.40,33.95,46.00,36.00,61.00,53.00,-,21.70,23.80,21.60,22.30,34.60,-
"2026-02-08 09:07:48",97.00,30.60,28.50,15.00,65.90,52.00,3.40,2039.00,66.00,52.30,2.00,4.05,3.95,11.50,11.55,34.85,45.00,36.00,58.00,54.00,-,22.40,25.60,23.10,21.30,33.10,-
"2026-02-09 06:05:33",96.70,30.50,28.80,15.00,65.45,52.00,3.40,2025.00,67.00,52.10,2.00,4.00,3.95,11.35,11.25,34.90,45.00,36.00,57.00,54.00,-,22.80,25.30,24.00,23.50,32.70,-
"2026-02-11 06:53:50",96.60,30.50,27.50,14.50,66.55,53.00,3.50,2055.00,62.00,52.20,2.00,3.95,3.85,11.75,11.70,35.30,45.00,37.00,59.00,55.00,-,24.10,27.00,21.00,19.40,32.10,-
"2026-02-12 06:00:42",96.30,30.40,27.10,14.50,66.75,53.00,3.50,2060.00,61.00,52.90,2.00,4.10,4.05,11.45,11.50,35.65,45.00,36.00,59.00,56.00,-,20.40,23.90,23.10,21.00,30.90,-
"2026-02-13 08:43:46",96.75,30.50,26.50,14.00,67.60,54.00,3.50,2085.00,58.00,52.50,2.00,3.95,3.95,11.90,11.90,35.90,46.00,38.00,59.00,57.00,-,24.30,25.50,19.80,18.00,31.00,-
"2026-02-14 08:56:59",96.40,30.40,27.30,14.50,66.60,54.00,3.50,2056.00,61.00,51.90,2.00,4.05,4.00,11.40,11.30,35.85,46.00,36.00,59.00,58.00,-,22.10,24.70,23.60,23.20,30.40,-
"2026-02-15 08:18:18",97.15,30.70,28.30,15.00,66.25,54.00,3.40,2048.00,65.00,51.90,2.00,3.95,3.90,11.60,11.40,35.40,45.00,36.00,57.00,60.00,-,24.30,26.60,22.30,22.90,32.10,-
"2026-02-16 09:03:06",97.65,30.80,27.90,15.00,66.90,54.00,3.50,2069.00,64.00,52.90,2.00,4.10,4.15,11.65,11.70,35.30,46.00,38.00,58.00,60.00,-,22.10,22.70,22.60,20.90,32.60,-
"2026-02-17 06:05:27",97.80,30.90,28.40,15.00,66.55,55.00,3.50,2059.00,66.00,52.80,2.00,4.10,4.05,11.90,11.55,34.95,46.00,37.00,58.00,60.00,-,22.00,24.90,20.60,21.90,33.50,-
"2026-02-18 06:51:59",96.90,30.60,27.70,14.50,66.60,55.00,3.50,2057.00,63.00,52.30,2.00,4.00,4.00,11.70,11.40,35.50,47.00,36.00,59.00,60.00,-,22.80,25.30,21.50,22.40,31.80,-
"2026-02-19 05:59:30",96.85,30.60,27.10,14.50,67.10,55.00,3.50,2071.00,61.00,52.20,2.00,4.00,4.00,11.40,11.45,36.25,46.00,36.00,59.00,61.00,-,23.20,24.50,24.00,22.00,30.10,-
"2026-02-20 06:55:55",96.75,30.50,26.80,14.00,67.35,55.00,3.50,2078.00,59.00,52.10,2.00,4.00,3.95,11.50,11.50,36.40,45.00,35.00,59.00,62.00,-,22.50,25.70,23.10,21.70,29.80,-
"2026-02-21 08:10:23",96.95,30.60,28.20,15.00,66.20,54.00,3.40,2046.00,65.00,52.40,2.00,4.05,4.05,11.55,11.40,35.15,46.00,35.00,59.00,59.00,-,22.60,24.30,22.80,22.30,32.40,-
"2026-02-23 06:02:35",97.75,30.80,28.00,15.00,66.90,54.00,3.50,2069.00,64.00,52.20,2.00,4.05,4.05,11.60,11.50,35.70,46.00,35.00,59.00,60.00,-,22.90,24.60,23.20,22.50,31.90,-
"2026-02-24 06:48:39",97.55,30.80,27.40,14.50,67.30,55.00,3.50,2079.00,62.00,52.70,2.00,4.10,4.10,11.65,11.75,35.70,46.00,34.00,58.00,62.00,-,21.90,23.60,23.00,20.30,31.60,-
"2026-02-25 05:58:51",97.30,30.70,27.60,14.50,66.95,55.00,3.50,2069.00,62.00,52.30,2.00,4.05,4.05,11.70,11.55,35.60,46.00,36.00,59.00,62.00,-,22.40,24.50,22.30,22.10,31.50,-
"2026-02-26 06:12:04",97.75,30.90,28.00,15.00,66.90,55.00,3.50,2069.00,64.00,52.50,2.00,4.00,4.00,11.85,11.75,35.30,44.00,36.00,57.00,63.00,-,24.10,26.00,21.10,20.20,32.70,-
"2026-02-27 07:18:48",97.40,30.70,28.40,15.00,66.25,54.00,3.40,2050.00,66.00,53.10,2.00,4.05,4.00,11.90,11.85,34.45,46.00,35.00,56.00,60.00,-,22.70,25.30,20.60,19.00,34.30,-
"2026-02-28 09:32:56",97.70,30.80,27.80,14.50,67.05,54.00,3.50,2073.00,63.00,52.00,2.00,4.00,4.00,11.70,11.65,35.70,45.00,36.00,57.00,61.00,-,24.10,26.10,22.40,21.70,31.70,-
"2026-03-01 07:43:28",97.75,30.80,28.50,15.00,66.45,54.00,3.50,2057.00,66.00,51.30,2.00,3.90,3.90,11.50,11.60,35.55,45.00,37.00,56.00,62.00,-,25.70,27.40,24.10,22.20,31.90,-
"2026-03-02 05:59:22",97.50,30.80,28.00,15.00,66.70,55.00,3.50,2062.00,64.00,51.90,2.00,4.10,4.05,11.70,11.40,35.45,46.00,38.00,57.00,63.00,-,21.60,25.10,22.40,24.00,31.80,-
"2026-03-03 06:06:49",97.10,30.60,27.40,14.50,67.00,55.00,3.50,2070.00,62.00,51.70,2.00,3.95,3.85,11.70,11.65,35.85,46.00,39.00,57.00,63.00,-,24.10,27.60,22.10,21.10,31.00,-
"2026-03-04 06:07:06",97.25,30.70,26.40,14.00,68.05,57.00,3.50,2098.00,58.00,51.90,2.00,4.10,4.05,11.75,11.65,36.50,48.00,39.00,59.00,64.00,-,22.10,24.70,22.70,21.40,29.60,-
"2026-03-05 06:52:22",97.25,30.70,26.10,14.00,68.30,58.00,3.50,2106.00,57.00,51.50,3.00,3.95,3.95,11.80,11.80,36.80,50.00,39.00,59.00,67.00,-,24.40,26.70,21.80,19.90,29.20,-
"2026-03-06 06:53:09",97.45,30.80,26.80,14.50,67.85,60.00,3.50,2093.00,59.00,51.50,2.00,4.05,4.05,11.60,11.55,36.60,51.00,40.00,61.00,69.00,-,22.70,25.10,23.80,22.50,29.50,-
"2026-03-07 07:31:23",97.40,30.70,27.60,14.50,67.05,60.00,3.50,2071.00,62.00,51.00,2.00,3.95,3.95,11.25,11.45,36.45,50.00,40.00,61.00,68.00,-,24.30,26.20,25.90,23.20,29.90,-
"2026-03-09 05:57:54",98.25,31.00,27.80,15.00,67.45,59.00,3.50,2086.00,63.00,52.80,2.00,4.05,4.20,11.70,11.50,36.00,49.00,37.00,60.00,68.00,-,23.60,22.30,22.70,22.80,31.70,-
"2026-03-10 06:07:55",98.50,31.10,27.80,15.00,67.60,58.00,3.50,2091.00,63.00,53.00,2.00,4.20,4.15,11.75,11.75,35.75,49.00,37.00,59.00,67.00,-,20.50,23.70,22.60,21.30,32.30,-
"2026-03-11 06:09:40",98.95,31.20,27.20,14.50,68.55,59.00,3.60,2119.00,60.00,52.60,3.00,4.20,4.10,11.95,12.00,36.30,51.00,37.00,59.00,69.00,-,21.50,25.20,21.90,19.40,31.60,-
"2026-03-12 06:11:50",98.75,31.20,27.60,15.00,67.95,58.00,3.50,2101.00,62.00,52.20,2.00,4.15,4.05,11.90,11.75,36.10,49.00,37.00,59.00,68.00,-,22.30,25.60,21.80,21.60,31.80,-
"2026-03-13 06:50:47",97.50,30.80,27.80,14.50,66.95,58.00,3.50,2069.00,63.00,51.10,2.00,4.05,3.90,11.40,11.40,36.20,48.00,36.00,59.00,66.00,-,22.90,27.10,25.20,23.80,30.30,-
"2026-03-14 09:18:37",97.65,30.80,27.80,14.50,67.05,57.00,3.50,2073.00,63.00,51.30,2.00,4.05,4.00,11.35,11.35,36.30,47.00,35.00,58.00,66.00,-,23.10,25.60,25.30,24.60,30.10,-
"2026-03-15 11:24:51",99.05,31.30,28.80,15.50,67.00,53.00,3.50,2077.00,67.00,53.40,2.00,4.10,4.00,12.05,12.15,34.70,45.00,33.00,54.00,62.00,-,22.60,26.90,20.30,17.50,35.20,-
"2026-03-16 06:03:53",98.75,31.20,28.10,15.00,67.45,54.00,3.50,2088.00,64.00,52.30,2.00,4.15,4.10,11.60,11.65,35.95,47.00,34.00,55.00,64.00,-,22.30,24.80,23.90,22.00,32.10,-
"2026-03-17 06:04:50",97.90,30.90,29.30,15.50,65.80,54.00,3.40,2039.00,69.00,51.90,2.00,4.00,3.95,11.55,11.60,34.70,47.00,36.00,54.00,62.00,-,23.80,26.70,23.50,22.00,33.90,-
"2026-03-18 06:08:44",97.35,30.70,28.30,15.00,66.35,54.00,3.50,2052.00,65.00,51.60,2.00,4.00,3.85,11.55,11.70,35.25,48.00,36.00,54.00,63.00,-,23.70,28.10,23.10,20.40,32.60,-
"2026-03-19 06:06:58",97.15,30.70,27.60,14.50,66.85,54.00,3.50,2066.00,62.00,51.50,2.00,3.90,3.90,11.60,11.65,35.80,47.00,37.00,55.00,63.00,-,24.90,26.80,22.70,21.20,31.20,-
"2026-03-20 06:54:00",96.85,30.60,27.70,14.50,66.55,55.00,3.50,2056.00,63.00,51.10,2.00,3.90,3.90,11.50,11.50,35.75,48.00,39.00,54.00,64.00,-,24.90,27.40,23.60,22.30,30.80,-
"2026-03-21 08:20:06",96.95,30.60,27.20,14.50,67.05,55.00,3.50,2070.00,61.00,51.80,2.00,4.00,4.05,11.45,11.50,36.05,48.00,38.00,54.00,63.00,-,23.30,24.50,24.00,22.20,30.30,-
"2026-03-22 09:28:15",97.60,30.80,27.30,14.50,67.45,57.00,3.50,2083.00,61.00,51.80,2.00,4.10,4.05,11.60,11.60,36.10,50.00,40.00,57.00,65.00,-,22.20,25.10,23.80,22.10,30.60,-
"2026-03-23 06:06:47",97.45,30.80,28.60,15.00,66.15,56.00,3.40,2047.00,66.00,51.70,2.00,4.05,4.00,11.40,11.40,35.30,50.00,40.00,56.00,64.00,-,22.90,25.10,24.80,23.60,32.10,-
"2026-03-24 06:07:24",97.60,30.80,27.60,14.50,67.10,57.00,3.50,2074.00,62.00,51.90,2.00,4.05,3.90,11.55,11.60,36.00,49.00,40.00,57.00,66.00,-,22.80,27.00,23.50,21.50,31.20,-
"2026-03-25 06:08:57",97.70,30.80,28.10,15.00,66.85,56.00,3.50,2067.00,64.00,52.20,2.00,4.00,4.00,11.15,11.20,36.50,47.00,38.00,56.00,66.00,-,23.60,25.40,26.30,25.00,30.20,-
"2026-03-26 06:11:44",98.05,30.90,27.30,14.50,67.80,56.00,3.50,2095.00,61.00,52.40,2.00,4.10,3.95,11.65,11.85,36.25,46.00,38.00,56.00,66.00,-,22.40,26.90,23.00,19.50,31.20,-
"2026-03-27 07:28:32",98.05,30.90,28.20,15.00,66.95,55.00,3.50,2071.00,65.00,52.50,2.00,3.90,3.90,12.10,12.25,34.80,46.00,38.00,54.00,64.00,-,25.50,27.90,19.40,16.20,34.30,-
"2026-03-28 09:03:41",98.10,31.00,26.70,14.50,68.35,56.00,3.60,2111.00,59.00,52.30,3.00,4.10,4.05,11.90,11.90,36.40,48.00,39.00,54.00,66.00,-,22.80,25.40,21.50,19.50,30.80,-
"2026-03-29 08:22:49",98.35,31.00,27.20,14.50,68.10,56.00,3.50,2103.00,60.00,52.00,3.00,4.10,4.05,11.65,11.80,36.50,48.00,39.00,54.00,67.00,-,22.70,25.60,23.20,20.70,30.80,-
"2026-03-30 08:06:11",97.95,30.90,28.00,15.00,67.05,56.00,3.50,2074.00,64.00,51.60,2.00,4.05,4.00,11.50,11.45,36.05,45.00,38.00,54.00,67.00,-,23.00,25.60,24.00,23.70,31.20,-
"2026-03-31 07:25:50",98.05,30.90,27.80,15.00,67.25,55.00,3.50,2080.00,63.00,52.00,2.00,4.15,4.05,11.35,11.50,36.20,46.00,38.00,53.00,67.00,-,21.20,25.00,25.50,23.10,30.80,-
"2026-04-01 07:12:03",98.00,30.90,28.60,15.00,66.55,55.00,3.50,2061.00,66.00,52.10,2.00,4.10,4.00,11.80,11.55,35.10,46.00,39.00,54.00,65.00,-,22.30,26.10,22.10,22.80,33.00,-
"2026-04-08 09:30:36",97.80,30.90,28.20,15.00,66.80,54.00,3.50,2066.00,65.00,53.60,2.00,4.05,4.00,12.30,12.10,34.35,48.00,40.00,52.00,63.00,-,23.00,25.80,17.50,16.90,35.10,-
"2026-04-09 07:24:47",97.75,30.90,27.10,14.50,67.70,56.00,3.50,2091.00,61.00,52.50,2.00,4.15,4.05,11.65,12.00,35.85,49.00,40.00,56.00,65.00,-,21.30,24.70,23.30,18.80,31.50,-
"2026-04-11 08:56:32",98.00,30.90,27.90,15.00,67.25,55.00,3.50,2079.00,63.00,52.10,2.00,4.05,4.00,11.75,11.80,35.65,48.00,38.00,55.00,63.00,-,23.30,26.40,22.50,20.50,32.10,-
"2026-04-12 09:43:53",98.85,31.20,27.30,14.50,68.35,54.00,3.60,2113.00,61.00,53.00,3.00,4.15,4.05,11.85,12.25,36.05,47.00,37.00,54.00,63.00,-,22.30,26.20,22.00,16.80,32.30,-
"2026-04-13 06:56:52",97.80,30.90,28.10,15.00,66.80,54.00,3.50,2066.00,64.00,52.20,2.00,4.15,4.10,11.40,11.55,35.60,48.00,38.00,55.00,61.00,-,21.40,24.10,25.20,22.70,31.70,-
"2026-04-14 06:50:53",97.75,30.90,27.70,14.50,67.20,55.00,3.50,2076.00,63.00,51.90,2.00,4.10,4.10,11.65,11.55,35.80,50.00,39.00,56.00,61.00,-,22.30,24.50,23.10,22.70,31.40,-
"2026-04-15 06:05:16",97.40,30.70,28.10,15.00,66.55,56.00,3.50,2057.00,65.00,51.30,2.00,4.10,3.90,11.40,11.50,35.65,51.00,38.00,57.00,62.00,-,22.30,27.40,25.30,22.70,31.20,-
"2026-04-16 07:45:23",98.40,31.10,29.60,15.50,65.85,54.00,3.40,2042.00,70.00,52.50,2.00,4.10,4.05,11.50,11.50,34.70,48.00,36.00,55.00,61.00,-,22.60,25.40,24.10,23.00,34.20,-
"2026-04-17 06:10:21",98.40,31.10,28.10,15.00,67.25,54.00,3.50,2081.00,64.00,52.30,2.00,4.15,4.05,11.65,11.70,35.70,48.00,36.00,55.00,62.00,-,21.40,25.50,23.60,21.50,32.30,-
"2026-04-18 08:10:29",98.90,31.20,28.10,15.00,67.65,54.00,3.50,2093.00,64.00,53.10,2.00,4.20,4.15,11.95,11.95,35.40,48.00,37.00,54.00,61.00,-,21.40,24.50,21.60,19.60,33.40,-
"2026-04-19 10:52:53",99.35,31.30,29.40,15.50,66.65,52.00,3.50,2068.00,69.00,53.20,2.00,4.15,4.10,11.85,11.95,34.60,47.00,35.00,52.00,58.00,-,22.70,25.40,22.30,19.60,35.30,-
"2026-04-20 06:03:43",98.35,31.00,29.20,15.50,66.25,51.00,3.40,2053.00,68.00,52.00,2.00,4.00,3.95,11.65,11.60,35.05,47.00,35.00,51.00,59.00,-,24.40,27.00,23.20,22.20,33.60,-
"2026-04-21 06:41:19",98.65,31.10,28.50,15.00,67.05,50.00,3.50,2077.00,66.00,53.00,2.00,4.10,4.05,11.90,11.80,35.20,45.00,34.00,50.00,58.00,-,22.60,25.10,21.30,20.40,33.80,-
"2026-04-22 06:25:48",98.05,30.90,29.00,15.50,66.15,50.00,3.40,2050.00,68.00,52.00,2.00,4.05,3.95,11.60,11.60,34.95,44.00,35.00,49.00,57.00,-,23.00,26.80,23.20,22.40,33.40,-
"2026-04-23 06:07:30",98.40,31.10,28.20,15.00,67.20,51.00,3.50,2080.00,64.00,52.60,2.00,4.20,4.00,11.80,11.70,35.50,45.00,35.00,50.00,58.00,-,20.90,26.30,22.10,21.50,32.70,-
"2026-04-24 06:57:30",98.45,31.10,27.60,14.50,67.75,51.00,3.50,2095.00,62.00,52.40,2.00,4.15,4.10,11.75,11.75,36.00,47.00,35.00,50.00,58.00,-,21.90,24.90,22.90,21.00,31.70,-
"2026-04-25 08:44:03",98.95,31.20,28.10,15.00,67.60,50.00,3.50,2093.00,64.00,53.50,2.00,4.15,4.10,12.15,12.10,35.10,46.00,34.00,50.00,57.00,-,22.20,24.60,20.00,18.10,34.20,-
"2026-04-26 10:18:24",99.75,31.50,29.00,15.50,67.30,51.00,3.50,2087.00,68.00,52.90,2.00,4.15,4.25,11.90,11.80,35.20,46.00,34.00,50.00,58.00,-,22.60,23.50,22.70,21.70,34.20,-
"2026-04-27 07:15:34",98.75,31.20,29.20,15.50,66.50,51.00,3.50,2062.00,68.00,51.40,2.00,4.00,3.95,11.70,11.60,35.25,46.00,35.00,51.00,59.00,-,25.10,27.70,23.20,22.90,33.30,-
"2026-05-01 08:39:08",98.15,31.00,27.80,15.00,67.35,54.00,3.50,2081.00,63.00,50.70,2.00,3.95,3.95,11.70,11.65,36.10,48.00,37.00,54.00,61.00,-,25.50,27.10,23.60,22.40,31.00,-
"2026-05-04 06:58:36",98.55,31.10,28.30,15.00,67.15,54.00,3.50,2077.00,65.00,51.70,2.00,4.10,4.00,11.80,11.60,35.65,48.00,37.00,55.00,61.00,-,22.40,26.40,22.60,22.80,32.40,-
"2026-05-05 07:33:34",98.65,31.10,28.60,15.50,66.90,54.00,3.50,2071.00,66.00,52.00,2.00,4.00,3.90,12.25,12.00,34.75,49.00,39.00,54.00,60.00,-,24.90,27.90,19.00,19.50,34.50,-
"2026-05-06 06:58:08",98.30,31.00,28.00,15.00,67.30,54.00,3.50,2082.00,64.00,52.40,2.00,4.10,4.00,11.80,11.75,35.65,47.00,37.00,54.00,61.00,-,22.80,25.90,21.90,20.60,32.50,-
"2026-05-07 06:56:01",98.15,31.00,28.10,15.00,67.05,55.00,3.50,2074.00,64.00,51.30,2.00,4.00,3.90,11.80,11.65,35.70,48.00,38.00,56.00,62.00,-,24.10,27.80,22.30,22.00,32.00,-
"2026-05-08 06:56:21",98.30,31.00,28.10,15.00,67.25,55.00,3.50,2079.00,64.00,52.30,2.00,4.05,4.05,11.90,11.80,35.45,48.00,38.00,56.00,62.00,-,23.80,25.50,21.50,20.40,32.90,-
"2026-05-09 09:43:41",97.70,30.80,28.40,15.00,66.45,55.00,3.50,2055.00,66.00,51.80,2.00,4.10,3.95,11.75,11.45,35.20,48.00,38.00,56.00,62.00,-,22.40,26.50,22.10,23.20,32.60,-
"2026-05-10 09:05:30",97.70,30.80,27.50,15.00,67.30,55.00,3.50,2079.00,62.00,51.90,2.00,4.05,4.00,11.70,11.70,35.85,47.00,38.00,56.00,63.00,-,22.90,25.80,22.40,21.40,31.50,-
"2026-05-11 06:52:09",97.70,30.80,28.00,15.00,66.85,55.00,3.50,2067.00,64.00,52.00,2.00,4.05,4.00,11.50,11.45,35.85,45.00,38.00,54.00,64.00,-,22.30,25.20,23.50,23.10,31.60,-
"2026-05-12 06:35:16",97.80,30.90,28.70,15.50,66.25,54.00,3.40,2051.00,67.00,51.70,2.00,4.00,4.05,11.60,11.50,35.10,46.00,36.00,55.00,62.00,-,24.20,25.40,23.50,23.20,32.70,-
"2026-05-13 06:07:05",97.35,30.70,27.40,14.50,67.20,55.00,3.50,2075.00,62.00,52.20,2.00,4.10,3.95,11.55,11.55,36.05,46.00,36.00,55.00,63.00,-,22.00,26.20,23.20,21.80,30.90,-
"2026-05-14 09:22:24",97.65,30.80,27.30,14.50,67.45,55.00,3.50,2083.00,61.00,52.70,2.00,4.20,4.10,11.75,11.60,35.80,46.00,36.00,55.00,64.00,-,20.60,23.80,22.30,22.00,31.40,-
"2026-05-15 06:56:29",97.30,30.70,28.40,15.00,66.25,56.00,3.40,2048.00,66.00,50.70,2.00,3.90,3.90,11.55,11.45,35.45,48.00,39.00,55.00,64.00,-,25.10,27.50,23.60,23.60,31.60,-
"2026-05-16 07:22:18",97.40,30.70,28.30,15.00,66.40,56.00,3.50,2053.00,65.00,51.50,2.00,4.00,4.00,11.50,11.45,35.45,47.00,38.00,55.00,65.00,-,23.20,25.70,23.90,23.40,31.80,-
"2026-05-17 23:15:43",98.60,31.10,29.50,15.50,66.05,54.00,3.40,2047.00,70.00,51.60,2.00,3.95,3.85,11.90,11.85,34.50,48.00,37.00,52.00,64.00,-,25.60,28.70,21.50,20.20,35.00,-
"2026-05-18 06:55:27",97.95,30.90,27.90,15.00,67.15,55.00,3.50,2075.00,64.00,52.40,2.00,4.10,4.05,11.85,11.75,35.40,50.00,39.00,53.00,63.00,-,21.90,25.30,21.60,21.20,32.50,-
"2026-05-19 06:55:29",97.10,30.60,28.00,15.00,66.45,55.00,3.50,2054.00,64.00,51.80,2.00,4.05,4.00,11.65,11.45,35.30,50.00,39.00,54.00,63.00,-,22.50,25.30,22.80,23.00,31.80,-
"2026-05-20 05:55:09",97.20,30.70,28.20,15.00,66.35,57.00,3.50,2051.00,65.00,50.80,2.00,4.00,3.90,11.55,11.40,35.50,52.00,42.00,56.00,64.00,-,23.40,27.10,24.10,24.10,31.20,-
"2026-05-21 06:51:22",97.20,30.70,27.20,14.50,67.25,56.00,3.50,2075.00,61.00,52.10,2.00,4.15,4.00,11.45,11.45,36.20,50.00,41.00,55.00,64.00,-,21.00,25.30,24.00,23.20,30.20,-
"2026-05-22 06:54:29",97.50,30.80,28.00,15.00,66.70,55.00,3.50,2062.00,64.00,53.20,2.00,4.10,4.00,12.10,11.80,34.70,51.00,40.00,54.00,62.00,-,21.80,25.50,19.10,19.60,33.80,-
"2026-05-23 09:32:08",97.35,30.70,28.00,15.00,66.65,54.00,3.50,2059.00,64.00,53.20,2.00,4.05,4.10,11.95,11.65,34.90,50.00,38.00,53.00,61.00,-,22.40,23.80,19.90,20.70,33.30,-
"2026-05-24 09:31:39",96.90,30.60,27.40,14.50,66.85,55.00,3.50,2064.00,62.00,52.60,2.00,4.15,4.15,11.65,11.40,35.50,50.00,41.00,56.00,62.00,-,20.20,22.60,22.50,23.40,31.30,-
"2026-05-25 08:39:27",96.90,30.60,28.10,15.00,66.20,55.00,3.40,2046.00,65.00,52.30,2.00,4.05,4.10,11.60,11.35,35.10,50.00,40.00,56.00,61.00,-,22.40,23.50,22.80,23.60,32.10,-
"2026-05-26 06:46:08",98.00,30.90,28.30,15.00,66.80,55.00,3.50,2067.00,65.00,53.10,2.00,4.20,4.10,11.95,11.75,34.80,51.00,40.00,55.00,60.00,-,20.60,24.60,20.90,20.80,33.70,-
"2026-05-27 06:50:44",98.05,30.90,28.70,15.50,66.45,52.00,3.50,2057.00,67.00,54.00,2.00,4.15,4.00,12.25,12.25,33.80,50.00,39.00,51.00,58.00,-,21.50,25.60,17.90,15.60,36.40,-
"2026-05-28 06:44:06",98.50,31.10,28.00,15.00,67.40,51.00,3.50,2084.00,64.00,54.30,2.00,4.25,4.20,12.05,12.10,34.80,50.00,38.00,51.00,56.00,-,20.10,22.70,19.90,17.50,34.60,-
"2026-05-29 06:53:37",98.20,31.00,28.50,15.50,66.70,50.00,3.50,2064.00,66.00,54.00,2.00,4.00,3.95,12.35,12.30,34.10,47.00,37.00,49.00,55.00,-,23.80,26.90,16.90,15.00,36.20,-
"2026-05-30 07:48:55",97.45,30.80,27.60,15.00,67.10,52.00,3.50,2072.00,62.00,52.90,2.00,4.05,4.05,12.05,11.85,35.10,50.00,39.00,51.00,57.00,-,22.70,24.60,19.70,19.20,33.10,-
"2026-05-31 08:16:03",97.05,30.60,27.30,14.50,67.05,52.00,3.50,2069.00,62.00,52.50,2.00,4.15,4.05,11.70,11.40,35.75,51.00,37.00,52.00,57.00,-,20.50,23.90,22.50,23.20,31.00,-
"2026-06-01 06:35:50",96.75,30.50,27.60,14.50,66.55,52.00,3.50,2054.00,63.00,52.30,2.00,4.10,4.05,11.75,11.45,35.20,53.00,38.00,53.00,57.00,-,21.30,24.20,21.70,22.40,31.90,-
"2026-06-02 06:53:45",97.50,30.80,28.10,15.00,66.60,51.00,3.50,2059.00,65.00,53.60,2.00,4.05,4.10,12.10,11.80,34.55,50.00,37.00,51.00,55.00,-,22.60,24.00,18.50,19.40,34.30,-
"2026-06-03 05:59:18",97.60,30.80,28.30,15.00,66.55,50.00,3.50,2059.00,65.00,54.00,2.00,4.05,4.00,12.35,12.05,34.10,49.00,37.00,51.00,55.00,-,23.00,25.40,16.60,17.10,35.50,-
"2026-06-04 04:24:12",97.55,30.80,28.20,15.00,66.55,50.00,3.50,2058.00,65.00,54.50,2.00,4.10,4.05,12.25,12.00,34.15,48.00,35.00,50.00,55.00,-,21.90,24.40,17.30,17.40,35.30,-
"2026-06-08 06:50:40",96.30,30.40,28.40,15.00,65.60,50.00,3.40,2027.00,66.00,53.90,2.00,4.05,3.90,12.15,11.85,33.65,49.00,37.00,51.00,55.00,-,22.00,26.00,16.90,17.70,35.40,-
"2026-06-09 06:59:38",96.55,30.50,26.80,14.50,67.15,51.00,3.50,2071.00,60.00,53.30,2.00,4.10,4.00,11.75,11.60,35.70,48.00,36.00,51.00,58.00,-,21.20,24.20,20.50,19.90,31.40,-
"2026-06-10 07:23:51",95.80,30.20,27.40,14.50,66.10,50.00,3.40,2038.00,62.00,52.70,2.00,4.05,3.90,11.60,11.40,35.15,48.00,36.00,50.00,56.00,-,20.90,26.00,21.80,21.70,31.50,-
"2026-06-11 06:57:14",95.90,30.30,27.60,14.50,66.05,50.00,3.40,2037.00,63.00,52.00,2.00,3.95,3.85,11.40,11.45,35.40,46.00,36.00,50.00,57.00,-,22.80,26.50,23.50,21.70,31.00,-
"2026-06-12 07:02:28",95.40,30.10,27.60,14.50,65.60,51.00,3.40,2024.00,63.00,51.90,2.00,3.90,3.85,11.50,11.30,35.05,46.00,37.00,51.00,58.00,-,23.90,26.10,22.10,22.70,31.20,-
"2026-06-13 08:51:47",96.05,30.30,28.10,15.00,65.70,51.00,3.40,2029.00,65.00,53.30,2.00,4.05,4.00,11.70,11.35,34.60,47.00,36.00,51.00,57.00,-,21.70,24.00,20.70,22.00,33.00,-
"2026-06-14 09:25:00",95.95,30.30,27.60,14.50,66.05,53.00,3.40,2038.00,63.00,52.00,2.00,3.90,3.90,11.60,11.40,35.25,48.00,38.00,53.00,60.00,-,24.10,25.90,21.80,22.00,31.30,-
"2026-06-15 06:51:47",96.30,30.40,27.60,14.50,66.30,54.00,3.50,2046.00,63.00,52.50,2.00,4.00,3.95,11.70,11.60,35.05,48.00,39.00,54.00,62.00,-,23.00,25.60,21.20,20.40,32.10,-
"2026-06-16 06:54:19",96.35,30.40,27.40,14.50,66.50,52.00,3.50,2052.00,62.00,54.10,2.00,4.05,4.05,11.70,11.65,35.05,47.00,36.00,52.00,60.00,-,21.50,23.40,20.50,19.00,32.70,-
"2026-06-17 06:56:15",96.35,30.40,27.30,14.50,66.60,52.00,3.50,2054.00,62.00,53.50,2.00,4.00,4.05,11.85,11.75,34.95,47.00,38.00,53.00,59.00,-,22.50,23.80,19.90,18.90,32.70,-
"2026-06-18 07:19:54",96.15,30.30,27.30,14.50,66.45,51.00,3.50,2050.00,62.00,54.00,2.00,4.05,3.95,12.00,11.80,34.65,47.00,36.00,52.00,58.00,-,21.50,25.00,18.10,18.30,33.20,-
"2026-06-19 06:07:22",95.80,30.20,26.40,14.00,67.00,52.00,3.50,2064.00,58.00,53.60,2.00,4.05,4.05,11.80,11.75,35.35,47.00,37.00,53.00,58.00,-,21.50,23.60,20.10,18.40,31.30,-
"2026-06-20 09:51:24",96.05,30.30,25.90,14.00,67.65,53.00,3.50,2083.00,56.00,54.40,2.00,4.20,4.10,11.90,11.90,35.55,47.00,37.00,54.00,60.00,-,18.90,22.50,19.50,17.10,31.20,-
"2026-06-21 09:53:40",97.00,30.60,26.10,14.00,68.15,53.00,3.50,2100.00,57.00,53.90,3.00,4.25,4.25,11.95,11.65,36.05,49.00,36.00,55.00,60.00,-,19.10,20.80,20.20,20.30,30.70,-
"2026-06-22 06:20:35",95.50,30.10,26.90,14.50,66.40,53.00,3.50,2046.00,60.00,53.00,2.00,4.05,4.05,11.55,11.35,35.40,49.00,36.00,55.00,60.00,-,21.00,22.70,21.70,22.00,30.80,-
"2026-06-23 06:48:28",96.20,30.40,27.60,14.50,66.25,52.00,3.40,2044.00,63.00,54.80,2.00,4.10,4.10,12.10,11.65,34.30,49.00,35.00,54.00,57.00,-,20.80,22.10,17.50,18.90,34.10,-
"2026-06-24 06:51:16",95.85,30.30,26.50,14.00,66.95,52.00,3.50,2063.00,59.00,54.50,2.00,4.15,4.05,12.00,11.70,35.05,48.00,35.00,55.00,58.00,-,19.00,23.30,18.00,18.80,32.20,-
"2026-06-25 06:52:55",96.60,30.50,26.80,14.50,67.25,52.00,3.50,2073.00,59.00,55.40,2.00,4.25,4.25,12.05,11.90,34.80,48.00,34.00,53.00,59.00,-,17.90,20.30,18.00,17.30,33.40,-
"2026-06-26 07:20:26",97.10,30.70,27.40,14.50,67.00,50.00,3.50,2068.00,62.00,55.70,2.00,4.25,4.20,12.20,11.90,34.45,46.00,33.00,52.00,56.00,-,18.30,21.70,16.90,17.40,34.70,-
"2026-06-27 07:53:32",97.70,30.80,27.50,15.00,67.35,48.00,3.50,2080.00,62.00,56.10,2.00,4.30,4.20,12.20,12.15,34.50,45.00,31.00,50.00,54.00,-,18.20,22.10,17.60,15.40,35.10,-
"2026-06-28 10:35:56",95.95,30.30,26.60,14.00,66.95,48.00,3.50,2063.00,59.00,55.30,2.00,4.30,4.20,11.90,11.70,34.85,46.00,33.00,49.00,54.00,-,16.70,20.60,19.00,18.70,32.60,-
"2026-06-29 05:53:21",96.45,30.40,26.70,14.50,67.20,48.00,3.50,2072.00,59.00,54.10,2.00,4.15,4.10,11.80,11.65,35.50,44.00,31.00,49.00,54.00,-,20.30,22.80,20.50,19.80,31.50,-
"2026-06-30 06:57:03",97.65,30.80,27.50,15.00,67.35,47.00,3.50,2080.00,62.00,55.80,2.00,4.20,4.15,12.65,12.25,34.10,44.00,31.00,47.00,52.00,-,20.20,23.00,13.90,14.60,36.00,-
"2026-07-01 06:53:57",97.20,30.70,27.60,15.00,66.90,46.00,3.50,2066.00,63.00,54.90,2.00,4.20,4.10,12.15,11.95,34.50,43.00,31.00,47.00,52.00,-,19.80,23.70,17.80,17.50,34.40,-
"2026-07-02 03:36:07",96.45,30.40,27.90,15.00,66.10,46.00,3.40,2042.00,64.00,54.50,2.00,4.05,4.05,11.95,11.90,34.15,43.00,32.00,47.00,51.00,-,21.50,23.20,18.60,17.10,34.70,-
"2026-07-06 06:54:51",96.15,30.30,27.70,14.50,66.10,46.00,3.40,2039.00,63.00,53.90,2.00,3.95,4.10,11.90,11.55,34.60,44.00,31.00,47.00,52.00,-,23.60,22.90,18.90,20.10,33.30,-
"2026-07-07 06:53:56",96.65,30.50,27.80,15.00,66.30,46.00,3.50,2048.00,63.00,54.90,2.00,4.15,4.00,12.25,11.85,34.05,45.00,32.00,47.00,51.00,-,20.00,24.70,16.20,17.50,35.00,-
"2026-07-08 06:48:16",96.75,30.50,27.70,15.00,66.50,46.00,3.50,2053.00,63.00,54.80,2.00,4.15,3.95,12.40,11.95,34.05,44.00,30.00,46.00,51.00,-,20.10,25.50,15.40,16.70,35.30,-
"2026-07-09 06:48:38",96.45,30.40,26.70,14.50,67.15,46.00,3.50,2070.00,59.00,55.10,2.00,4.15,4.10,12.10,11.95,34.85,43.00,32.00,46.00,52.00,-,20.00,22.50,17.60,16.80,33.20,-
"2026-07-11 10:56:05",95.35,30.10,26.50,14.00,66.65,48.00,3.50,2052.00,59.00,53.40,2.00,4.05,3.95,11.95,11.65,35.05,46.00,34.00,48.00,54.00,-,20.60,25.00,18.60,19.00,31.70,-
"2026-07-12 09:55:46",95.45,30.10,27.20,14.50,66.10,49.00,3.40,2037.00,61.00,52.50,2.00,4.00,3.85,11.65,11.40,35.20,47.00,34.00,49.00,56.00,-,22.20,26.40,21.30,21.50,31.10,-
"2026-07-13 05:56:46",96.20,30.40,27.10,14.50,66.60,50.00,3.50,2054.00,61.00,53.20,2.00,4.10,4.05,11.60,11.50,35.35,46.00,35.00,50.00,57.00,-,20.50,23.80,21.50,21.50,31.40,-
"2026-07-14 06:42:28",96.20,30.40,27.10,14.50,66.65,51.00,3.50,2055.00,61.00,53.60,2.00,4.10,4.10,11.80,11.55,35.10,46.00,35.00,51.00,58.00,-,20.70,23.00,20.00,20.50,32.10,-
"2026-07-15 06:49:47",96.00,30.30,27.10,14.50,66.55,53.00,3.50,2052.00,61.00,52.40,2.00,3.95,3.85,11.70,11.55,35.50,46.00,37.00,53.00,61.00,-,23.00,26.80,20.70,21.00,31.10,-
"2026-07-16 06:04:23",96.25,30.40,25.00,13.50,68.65,56.00,3.60,2110.00,53.00,52.40,3.00,3.90,3.90,11.35,11.65,37.85,46.00,37.00,50.00,71.00,-,23.90,26.60,23.30,19.30,27.00,-
"2026-07-17 07:08:42",95.80,30.20,27.10,14.50,66.35,56.00,3.50,2045.00,61.00,52.80,2.00,4.00,3.95,11.55,11.45,35.40,46.00,38.00,53.00,67.00,-,22.30,24.80,22.00,21.50,31.00,-
"2026-07-18 07:55:15",95.90,30.30,26.50,14.00,67.00,56.00,3.50,2063.00,59.00,52.50,2.00,4.05,3.95,11.45,11.50,36.05,45.00,38.00,54.00,68.00,-,21.40,25.50,22.90,20.80,29.80,-
"2026-08-05 20:41:46",96.85,30.60,28.30,15.00,66.00,45.00,3.40,2041.00,65.00,54.50,2.00,4.10,4.05,12.15,11.95,33.75,49.00,39.00,41.00,50.00,-,21.00,23.90,17.60,17.30,35.60,-
"2026-08-06 07:41:50",96.30,30.40,27.70,14.50,66.15,52.00,3.40,2041.00,63.00,51.90,2.00,4.00,3.85,11.45,11.35,35.50,44.00,36.00,52.00,59.00,-,22.40,27.00,23.00,22.80,31.20,-
"2026-08-07 08:19:06",96.95,30.60,28.50,15.00,65.95,49.00,3.40,2039.00,66.00,52.70,2.00,4.05,3.90,11.60,11.45,34.95,43.00,34.00,48.00,57.00,-,22.40,26.70,22.00,22.20,32.90,-
"2026-08-08 09:15:45",95.95,30.30,27.90,14.50,65.75,49.00,3.40,2030.00,64.00,53.50,2.00,4.15,4.10,11.45,11.40,34.65,43.00,36.00,47.00,56.00,-,19.60,22.50,22.60,21.60,32.60,-
"2026-08-09 09:16:48",94.40,29.80,26.70,14.00,65.75,51.00,3.40,2024.00,60.00,52.60,2.00,4.10,3.90,11.15,11.15,35.45,44.00,37.00,51.00,59.00,-,19.10,24.60,24.20,23.20,29.40,-
"2026-08-10 05:43:29",93.90,29.60,27.10,14.00,65.10,52.00,3.40,2004.00,61.00,52.10,2.00,3.95,3.80,11.25,11.10,35.00,46.00,38.00,51.00,60.00,-,21.50,25.70,23.00,23.00,30.20,-
"2026-08-11 06:29:46",93.00,29.40,26.50,14.00,65.00,52.00,3.40,1998.00,59.00,52.60,2.00,3.80,3.80,11.50,11.15,34.75,47.00,39.00,52.00,59.00,-,23.30,25.50,20.00,21.50,30.20,-
"2026-08-12 05:40:55",91.85,29.00,26.30,13.50,64.35,54.00,3.40,1977.00,59.00,51.90,2.00,3.75,3.65,11.10,10.95,34.90,47.00,39.00,54.00,62.00,-,23.10,27.00,22.50,22.60,28.70,-
"2026-08-13 05:49:53",91.15,28.80,25.90,13.50,64.20,55.00,3.30,1970.00,57.00,51.90,2.00,3.70,3.60,11.00,10.95,34.95,48.00,40.00,54.00,62.00,-,23.60,27.30,22.30,22.00,28.20,-
"2026-08-14 07:16:31",90.55,28.60,25.00,13.00,64.55,57.00,3.40,1976.00,54.00,52.00,2.00,3.70,3.65,10.90,10.80,35.50,48.00,41.00,57.00,65.00,-,22.70,26.10,22.70,22.70,26.50,-
"2026-08-15 09:27:32",89.90,28.40,26.10,13.50,63.20,58.00,3.30,1938.00,58.00,51.80,2.00,3.65,3.50,11.15,10.60,34.30,50.00,40.00,59.00,65.00,-,23.90,28.50,20.30,23.80,28.40,-
"2026-08-16 07:57:02",90.15,28.50,24.80,13.00,64.40,59.00,3.40,1972.00,54.00,52.30,2.00,3.80,3.75,10.55,10.70,35.60,50.00,41.00,60.00,66.00,-,20.50,23.50,25.50,23.00,25.80,-
"2026-08-17 06:38:21",90.65,28.60,26.10,13.50,63.70,58.00,3.30,1955.00,58.00,52.10,2.00,3.70,3.60,11.25,10.65,34.50,52.00,40.00,61.00,65.00,-,22.80,26.60,20.00,24.00,28.70,-
"2026-08-18 06:39:18",91.50,28.90,25.40,13.50,64.85,58.00,3.40,1989.00,55.00,52.70,2.00,3.80,3.70,10.85,10.95,35.55,52.00,43.00,55.00,69.00,-,21.90,25.60,23.20,21.30,27.50,-
"2026-08-19 06:52:12",91.75,29.00,26.30,13.50,64.25,58.00,3.40,1973.00,59.00,53.10,2.00,3.80,3.75,11.10,11.05,34.55,51.00,41.00,57.00,66.00,-,21.90,24.90,21.70,20.50,29.90,-
"2026-08-20 05:58:54",93.00,29.40,26.70,14.00,64.85,57.00,3.40,1994.00,60.00,53.30,2.00,3.85,3.80,11.35,11.30,34.55,51.00,41.00,56.00,65.00,-,22.40,25.30,20.70,19.20,31.00,-
"2026-08-21 07:27:31",92.05,29.10,26.00,13.50,64.75,56.00,3.40,1988.00,57.00,52.10,2.00,3.60,3.60,11.05,11.05,35.45,50.00,41.00,52.00,67.00,-,25.70,27.60,22.00,21.00,28.50,-
"2026-08-22 08:31:49",92.70,29.30,27.10,14.00,64.25,54.00,3.40,1977.00,61.00,52.70,2.00,3.70,3.65,11.35,11.20,34.35,49.00,41.00,51.00,64.00,-,24.60,27.40,20.20,20.10,31.20,-
"2026-08-23 10:29:20",92.65,29.20,25.70,13.50,65.40,54.00,3.40,2008.00,56.00,52.70,2.00,3.70,3.65,11.20,11.40,35.45,49.00,40.00,50.00,65.00,-,24.40,28.10,21.60,18.20,28.90,-
"2026-08-24 07:29:10",92.80,29.30,26.30,14.00,65.00,52.00,3.40,1998.00,59.00,53.70,2.00,3.85,3.80,11.10,11.20,35.05,47.00,39.00,47.00,63.00,-,21.70,24.80,22.40,19.80,29.90,-
"2026-08-25 07:56:52",93.70,29.60,25.60,13.50,66.30,50.00,3.50,2036.00,56.00,55.80,2.00,4.05,4.00,11.65,11.75,34.85,45.00,36.00,47.00,60.00,-,19.20,21.90,18.20,15.20,31.60,-
"2026-08-26 07:11:42",92.70,29.30,26.40,14.00,64.90,50.00,3.40,1994.00,59.00,54.00,2.00,3.90,3.85,11.30,11.25,34.60,44.00,36.00,48.00,60.00,-,21.00,24.40,20.50,19.30,30.80,-
"2026-08-27 08:17:23",92.35,29.20,25.70,13.50,65.20,51.00,3.40,2001.00,56.00,53.70,2.00,3.85,3.80,11.45,11.35,34.75,45.00,37.00,48.00,61.00,-,21.40,24.90,19.30,18.30,30.20,-
"2026-08-28 07:36:35",92.40,29.20,25.20,13.50,65.70,51.00,3.40,2015.00,54.00,54.00,2.00,3.90,3.90,11.45,11.30,35.15,46.00,36.00,50.00,60.00,-,20.40,22.90,19.70,18.90,29.20,-
"2026-08-29 08:16:30",91.80,29.00,26.20,13.50,64.40,52.00,3.40,1977.00,58.00,52.40,2.00,3.75,3.70,11.10,11.00,34.85,46.00,37.00,51.00,61.00,-,23.10,26.50,22.10,21.60,29.00,-
"2026-08-30 09:53:09",91.70,28.90,25.00,13.00,65.35,54.00,3.40,2004.00,54.00,52.90,2.00,3.85,3.75,11.40,11.00,35.35,47.00,37.00,53.00,62.00,-,20.90,25.10,20.00,22.00,27.80,-
"2026-08-31 06:59:00",92.05,29.10,25.40,13.50,65.30,55.00,3.40,2003.00,55.00,52.40,2.00,3.85,3.75,10.90,10.95,35.85,46.00,38.00,55.00,63.00,-,21.60,24.90,24.00,22.10,27.20,-
"2026-09-01 08:15:12",92.95,29.30,26.10,13.50,65.25,55.00,3.40,2006.00,58.00,53.40,2.00,3.85,3.80,11.55,11.40,34.65,48.00,39.00,54.00,63.00,-,21.90,25.00,19.00,18.50,30.90,-
"2026-09-02 06:36:40",93.90,29.60,26.00,14.00,66.05,55.00,3.40,2030.00,57.00,54.40,2.00,3.90,3.95,11.55,11.55,35.10,46.00,38.00,54.00,63.00,-,21.50,23.20,19.50,17.70,30.90,-
"2026-09-03 06:40:23",94.20,29.70,27.00,14.00,65.35,53.00,3.40,2012.00,61.00,54.20,2.00,3.95,3.90,11.65,11.40,34.45,46.00,36.00,53.00,62.00,-,21.50,24.20,18.80,19.60,32.30,-
"2026-09-04 07:14:30",94.20,29.70,26.50,14.00,65.85,53.00,3.40,2026.00,59.00,54.00,2.00,4.00,4.00,11.35,11.40,35.10,47.00,37.00,53.00,62.00,-,20.70,22.50,22.00,19.70,30.60,-
"2026-09-05 09:40:11",93.35,29.50,25.90,13.50,65.75,54.00,3.40,2020.00,57.00,53.50,2.00,3.95,3.90,11.45,11.25,35.20,47.00,36.00,53.00,62.00,-,20.90,23.50,20.80,20.70,29.60,-
"2026-09-06 08:57:39",93.85,29.60,25.20,13.50,66.75,53.00,3.50,2049.00,54.00,53.50,2.00,4.00,4.00,11.15,11.30,36.30,44.00,35.00,53.00,63.00,-,20.40,22.30,23.50,20.90,27.70,-
"2026-09-07 06:45:35",93.45,29.50,26.50,14.00,65.30,53.00,3.40,2008.00,59.00,52.20,2.00,3.90,3.80,11.25,11.15,35.20,47.00,37.00,52.00,63.00,-,22.30,26.10,22.20,22.20,29.40,-
"2026-09-08 06:43:27",93.30,29.50,26.70,14.00,65.05,52.00,3.40,2000.00,60.00,53.10,2.00,3.95,3.80,11.15,11.10,35.05,45.00,35.00,52.00,61.00,-,20.30,25.80,22.50,21.90,30.00,-
"2026-09-09 06:39:29",93.85,29.60,26.70,14.00,65.35,52.00,3.40,2011.00,60.00,53.30,2.00,3.85,3.80,11.40,11.45,34.85,46.00,35.00,51.00,63.00,-,23.00,26.00,20.60,18.70,31.20,-
"2026-09-10 06:43:58",93.40,29.50,26.00,13.50,65.70,54.00,3.40,2019.00,57.00,52.70,2.00,3.85,3.75,11.15,11.25,35.70,45.00,37.00,53.00,64.00,-,22.60,26.50,22.70,20.30,28.80,-
"2026-09-11 06:45:22",93.60,29.50,25.10,13.50,66.65,54.00,3.50,2046.00,54.00,53.70,2.00,4.00,3.90,11.05,11.20,36.50,45.00,36.00,51.00,66.00,-,19.90,23.60,23.50,20.60,27.50,-
"2026-09-12 12:07:48",93.20,29.40,26.40,14.00,65.25,53.00,3.40,2006.00,59.00,53.60,2.00,3.95,3.90,11.25,11.05,35.10,44.00,35.00,51.00,65.00,-,20.10,23.10,22.10,22.30,29.70,-
"2026-09-13 08:20:44",93.60,29.50,25.70,13.50,66.10,54.00,3.40,2031.00,56.00,53.20,2.00,3.95,3.90,11.30,11.25,35.70,45.00,36.00,51.00,65.00,-,20.60,23.80,21.90,21.00,28.80,-
"2026-09-14 06:48:34",94.30,29.80,26.90,14.00,65.55,52.00,3.40,2017.00,60.00,53.80,2.00,4.05,3.85,11.45,11.30,34.90,43.00,33.00,49.00,63.00,-,19.50,25.50,20.70,20.60,31.30,-
"2026-09-15 06:44:14",95.75,30.20,27.00,14.50,66.40,50.00,3.50,2047.00,61.00,55.90,2.00,4.15,4.05,12.45,11.95,33.80,44.00,33.00,48.00,60.00,-,19.50,23.00,13.60,15.40,35.10,-
"2026-09-16 06:51:01",94.55,29.80,25.70,13.50,66.75,50.00,3.50,2052.00,56.00,55.20,2.00,4.05,4.00,11.95,11.85,34.90,43.00,33.00,48.00,62.00,-,20.10,23.10,16.70,15.50,31.90,-
"2026-09-17 05:57:59",93.80,29.60,26.40,14.00,65.60,50.00,3.40,2018.00,59.00,53.90,2.00,3.85,3.80,11.45,11.55,34.95,41.00,32.00,48.00,60.00,-,22.80,25.60,20.20,17.50,31.10,-
"2026-09-18 06:51:52",92.20,29.10,26.00,13.50,64.85,51.00,3.40,1991.00,58.00,52.70,2.00,3.80,3.75,11.15,11.05,35.10,44.00,33.00,50.00,60.00,-,22.40,25.60,21.90,21.10,29.00,-
"2026-09-19 08:04:18",93.90,29.60,26.60,14.00,65.50,51.00,3.40,2015.00,59.00,52.70,2.00,3.90,3.75,11.30,11.20,35.35,42.00,33.00,51.00,60.00,-,21.70,26.90,22.20,21.90,29.80,-
"2026-09-20 11:54:03",94.30,29.80,27.20,14.50,65.30,48.00,3.40,2011.00,61.00,54.70,2.00,3.95,4.00,11.55,11.40,34.40,41.00,31.00,48.00,56.00,-,21.00,22.40,19.90,19.60,32.50,-
"2026-09-21 06:41:36",93.65,29.50,27.10,14.00,64.90,49.00,3.40,1998.00,61.00,53.20,2.00,3.95,3.75,11.30,11.25,34.65,42.00,32.00,50.00,56.00,-,21.30,26.60,21.50,20.30,31.20,-
"2026-09-22 06:40:29",93.60,29.50,26.20,14.00,65.65,51.00,3.40,2019.00,58.00,52.80,2.00,3.85,3.75,11.50,11.25,35.30,43.00,33.00,52.00,60.00,-,22.50,26.30,20.20,20.70,29.90,-
"2026-09-23 05:58:36",92.75,29.30,27.20,14.00,64.15,53.00,3.30,1974.00,62.00,51.90,2.00,3.75,3.60,11.60,11.05,34.15,45.00,35.00,54.00,59.00,-,24.10,28.80,18.80,22.00,31.30,-
"2026-09-24 06:35:18",92.95,29.30,26.50,14.00,64.90,53.00,3.40,1996.00,59.00,52.20,2.00,3.80,3.75,11.05,11.05,35.25,45.00,36.00,55.00,60.00,-,22.80,25.70,23.30,22.40,29.10,-
"2026-09-25 06:47:56",94.25,29.80,27.20,14.50,65.25,52.00,3.40,2010.00,62.00,53.70,2.00,3.90,3.80,11.60,11.45,34.50,43.00,35.00,53.00,58.00,-,22.20,25.80,19.50,19.40,32.20,-
"2026-09-26 08:08:00",94.55,29.80,26.90,14.00,65.70,52.00,3.40,2023.00,60.00,52.90,2.00,3.90,3.80,11.45,11.50,35.05,44.00,36.00,53.00,58.00,-,23.00,26.60,21.10,19.10,31.20,-
"2026-09-27 07:46:26",94.25,29.80,26.70,14.00,65.70,53.00,3.40,2022.00,60.00,52.90,2.00,3.95,3.85,11.20,11.20,35.50,45.00,35.00,54.00,60.00,-,21.70,25.00,23.30,21.90,29.70,-
"2026-09-28 06:44:36",93.85,29.60,26.20,14.00,65.85,54.00,3.40,2025.00,58.00,52.80,2.00,3.85,3.80,11.30,11.40,35.50,45.00,37.00,52.00,64.00,-,22.50,25.90,21.80,19.90,29.60,-
"2026-09-29 06:39:35",94.05,29.70,26.50,14.00,65.75,53.00,3.40,2022.00,59.00,53.60,2.00,3.95,3.85,11.75,11.45,34.75,45.00,37.00,53.00,62.00,-,21.00,25.10,18.40,19.30,31.50,-
"2026-09-30 06:47:45",94.35,29.80,25.80,13.50,66.55,53.00,3.50,2045.00,56.00,53.20,2.00,3.95,3.75,11.60,11.65,35.60,43.00,36.00,50.00,64.00,-,21.70,27.40,19.50,17.40,30.20,-
"2026-10-01 06:44:25",94.60,29.90,26.50,14.00,66.15,52.00,3.40,2035.00,59.00,54.40,2.00,3.90,3.85,12.30,11.90,34.20,43.00,37.00,50.00,62.00,-,22.40,26.00,14.20,15.40,33.40,-
